account_id,made_last_payment_on_time,latest_communication_channel,minimum_payment,previous_payment_amount,product,last_reminder_sent_days,debt_to_income_ratio,opened_last_communication,used_chat_feature,count_comms_sent_last_30d,homeowner,ever_missed_payment,age_of_debt_yrs,total_balance,latest_communication_dow
0,0,Email,22.0,3.58,Credit Card,9,1.21,0,1,0,1,1,1.0,1213.0,Monday
1,0,SMS,23.0,3.0,Credit Card,8,2.415,0,0,0,0,1,1.6,44.48,Monday
2,0,SMS,30.0,8.08,Deferred Repayment,11,5.0,0,0,0,1,1,2.8,58.04,Monday
3,1,SMS,22.0,12.42,Deferred Repayment,4,0.165,1,1,6,1,1,0.08,42.52,Friday
4,1,Email,20.0,19.0,Credit Card,8,1.5,1,0,0,0,1,0.6,159.0,Monday
5,1,SMS,16.0,8.17,Credit Card,3,0.04,1,0,9,0,1,1.0,31.06,Tuesday
6,0,Email,17.0,16.0,Credit Card,10,5.25,0,0,0,0,1,0.6,101.0,Monday
7,1,SMS,59.0,14.0,Credit Card,6,0.0,1,0,2,0,0,0.43,561.0,Tuesday
8,0,Email,28.0,5.5,Deferred Repayment,8,1.71,0,0,0,0,1,1.76,538.0,Tuesday
9,0,SMS,56.0,25.5,Credit Card,13,2.5,1,0,7,1,1,1.0,109.38,Tuesday
10,1,Email,34.0,0.67,Credit Card,13,0.415,1,1,0,1,1,2.53,858.0,Tuesday
11,1,Email,41.0,6.0,Credit Card,1,0.085,1,0,0,1,0,4.7,81.27,Tuesday
12,0,Email,21.0,0.5,Deferred Repayment,14,1.375,1,1,0,1,1,1.4,211.0,Tuesday
13,1,Email,35.0,14.0,Credit Card,13,0.585,1,1,10,1,0,0.08,1001.0,Tuesday
14,0,Email,59.0,25.0,Credit Card,6,0.5,0,0,0,1,1,3.2,114.93,Monday
15,1,Email,48.0,25.08,Credit Card,3,0.29,0,1,0,0,0,0.08,2691.0,Monday
16,1,Email,30.0,35.5,Credit Card,7,0.75,1,0,7,1,1,3.3,58.04,Monday
17,1,SMS,19.0,11.75,Credit Card,6,1.75,1,0,1,0,0,0.88,592.0,Monday
18,0,Email,20.0,0.08,Deferred Repayment,13,0.21,0,0,0,0,1,1.4,39.24,Monday
19,1,SMS,22.0,4.33,Credit Card,11,0.0,1,1,6,0,0,1.29,3258.0,Monday
20,0,SMS,28.0,3.5,Credit Card,14,1.75,0,1,0,0,1,2.6,1005.0,Monday
21,0,SMS,19.0,1.0,Deferred Repayment,8,9.0,1,0,0,1,1,1.6,37.61,Monday
22,0,Email,41.0,17.0,Credit Card,9,1.085,0,0,0,0,1,1.68,80.78,Monday
23,0,Email,42.0,2.5,Credit Card,9,1.5,1,0,0,0,1,1.6,81.58,Monday
24,0,Email,20.0,10.5,Credit Card,8,0.125,0,0,0,0,1,0.8,351.0,Monday
25,1,Email,33.0,1.42,Credit Card,13,0.04,1,0,3,1,1,0.08,64.26,Tuesday
26,0,Email,22.0,13.0,Deferred Repayment,9,5.04,0,0,0,0,1,2.0,71.0,Monday
27,1,Email,33.0,11.0,Deferred Repayment,7,0.125,1,1,10,1,1,1.8,18028.0,Tuesday
28,1,SMS,31.0,1.33,Credit Card,3,0.585,1,0,1,0,1,2.2,60.17,Monday
29,1,Email,23.0,22.09,Credit Card,1,0.0,1,0,1,1,1,0.6,2185.0,Monday
30,1,Email,27.0,0.5,Credit Card,11,0.21,1,0,0,1,0,3.12,151.0,Tuesday
31,0,SMS,20.0,6.0,Deferred Repayment,8,5.75,0,0,0,1,1,1.54,33.0,Tuesday
32,0,Email,52.0,3.5,Deferred Repayment,8,1.585,1,1,0,1,1,2.0,101.0,Tuesday
33,1,Email,23.0,11.0,Credit Card,6,0.04,1,0,9,1,1,2.9,285.0,Tuesday
34,0,Email,43.0,2.5,Credit Card,10,5.25,0,0,0,1,1,3.52,113.0,Monday
35,0,Email,75.0,1.33,Deferred Repayment,11,0.04,0,1,0,0,1,0.08,352.0,Thursday
36,1,Email,25.0,19.17,Credit Card,11,0.29,1,0,3,1,0,0.2,49.05,Monday
37,1,Email,40.0,19.25,Credit Card,8,0.165,1,0,1,1,1,0.7,77.66,Monday
38,1,SMS,48.0,22.5,Credit Card,8,0.0,1,0,0,1,0,0.08,1261.0,Monday
39,1,SMS,47.0,9.25,Credit Card,8,0.335,1,0,3,1,1,5.19,1705.0,Monday
41,0,Email,23.0,1.17,Deferred Repayment,1,2.0,0,0,0,1,1,1.2,68.0,Monday
42,1,Email,27.0,0.84,Credit Card,11,0.5,1,0,0,0,0,0.08,5299.0,Tuesday
43,0,Email,63.0,6.5,Credit Card,8,2.5,1,0,0,1,1,1.8,124.25,Monday
44,0,Email,24.0,2.67,Deferred Repayment,8,3.0,0,0,0,0,0,1.28,46.6,Monday
45,1,SMS,21.0,33.0,Credit Card,1,1.75,1,1,1,1,1,0.49,40.71,Monday
46,0,SMS,24.0,3.0,Deferred Repayment,14,2.5,0,0,0,0,1,1.32,48.07,Monday
47,1,Email,16.0,8.0,Credit Card,5,2.5,0,0,1,0,0,0.08,31.73,Monday
48,0,SMS,30.0,27.5,Deferred Repayment,9,1.0,0,0,0,0,1,2.56,57.88,Tuesday
49,1,SMS,53.0,20.42,Credit Card,7,0.0,1,0,10,0,0,0.08,2201.0,Monday
50,0,Email,32.0,1.0,Credit Card,8,1.0,0,0,0,1,1,2.32,63.43,Monday
51,0,Email,21.0,1.5,Deferred Repayment,8,2.75,0,0,0,0,1,1.4,101.0,Tuesday
52,0,Email,28.0,3.5,Deferred Repayment,11,20.0,0,0,0,0,1,2.16,2101.0,Monday
53,0,Email,19.0,1.42,Deferred Repayment,14,5.75,0,1,0,1,1,1.12,37.28,Monday
54,0,Email,28.0,1.08,Deferred Repayment,13,2.0,0,0,0,1,1,3.69,54.11,Tuesday
55,1,Email,28.0,2.5,Credit Card,6,5.75,1,0,11,1,1,4.34,36.0,Monday
56,1,Email,40.0,5.0,Credit Card,1,0.085,1,0,0,0,1,0.08,501.0,Wednesday
57,0,SMS,37.0,6.25,Credit Card,9,3.0,0,1,0,0,1,2.6,247.0,Tuesday
58,1,Email,42.0,11.33,Deferred Repayment,3,0.25,1,0,1,1,1,0.52,1443.0,Monday
59,1,Email,57.0,19.0,Credit Card,2,0.085,1,0,2,1,1,2.0,111.34,Monday
60,0,Email,43.0,50.17,Credit Card,13,11.5,0,0,0,1,1,1.41,84.7,Wednesday
61,0,SMS,24.0,10.08,Credit Card,11,3.25,0,1,0,1,1,2.4,46.6,Monday
62,1,Email,18.0,2.5,Credit Card,3,0.04,1,1,11,0,0,1.2,301.0,Monday
63,0,SMS,41.0,2.25,Credit Card,11,1.75,0,0,0,0,1,11.6,80.11,Wednesday
64,1,SMS,24.0,9.0,Credit Card,2,0.04,1,0,14,0,1,2.8,825.0,Tuesday
65,1,Email,42.0,4.33,Credit Card,9,5.0,1,0,1,0,1,0.08,82.4,Tuesday
66,0,SMS,20.0,7.5,Credit Card,8,5.5,0,1,0,1,1,3.8,38.26,Monday
67,0,Email,22.0,1.08,Credit Card,9,6.0,1,1,1,1,1,1.0,69.0,Monday
68,0,Email,31.0,4.33,Credit Card,7,1.25,0,0,0,0,1,1.76,147.0,Thursday
69,1,Email,27.0,0.5,Credit Card,3,0.5,1,0,3,1,0,5.83,714.0,Tuesday
70,0,Email,49.0,4.0,Deferred Repayment,9,14.0,1,0,0,1,1,0.08,95.65,Thursday
71,0,SMS,30.0,3.42,Credit Card,13,3.5,0,0,4,0,1,0.08,34.0,Tuesday
72,0,Email,29.0,2.67,Credit Card,13,2.5,0,0,0,0,1,2.0,57.72,Monday
73,1,Email,28.0,10.25,Deferred Repayment,6,10.0,1,1,0,1,1,1.44,55.43,Wednesday
74,1,Email,40.0,1.17,Credit Card,3,0.0,1,0,6,0,1,0.08,1201.0,Friday
75,0,Email,36.0,1.0,Credit Card,8,1.5,0,0,0,0,1,4.54,51.0,Monday
76,0,Email,26.0,3.5,Credit Card,11,1.25,0,1,0,1,0,3.4,50.19,Tuesday
77,0,Email,30.0,6.33,Credit Card,6,2.5,0,0,0,0,1,2.16,58.53,Monday
79,1,SMS,32.0,0.5,Credit Card,7,0.125,1,0,2,0,1,1.2,2080.0,Monday
80,1,Email,25.0,0.67,Credit Card,3,0.04,1,1,0,0,1,0.08,7060.0,Monday
81,0,SMS,35.0,2.17,Credit Card,8,4.0,0,0,0,0,1,0.08,201.0,Thursday
82,0,SMS,19.0,28.0,Credit Card,13,0.875,0,0,0,0,1,0.8,43.0,Monday
83,0,Email,40.0,2.17,Credit Card,9,1.5,0,0,0,0,1,5.5,78.32,Wednesday
84,0,Email,23.0,7.0,Credit Card,9,0.085,0,0,6,1,1,2.8,45.95,Monday
86,0,SMS,25.0,0.84,Credit Card,4,5.5,0,0,0,0,1,2.8,48.56,Tuesday
87,1,SMS,47.0,2.5,Credit Card,2,0.5,1,0,6,1,1,0.08,92.21,Wednesday
88,1,Email,34.0,27.5,Credit Card,9,3.5,0,1,1,1,1,2.9,67.04,Monday
89,0,Email,22.0,0.08,Deferred Repayment,11,5.0,0,1,0,0,1,1.0,43.5,Thursday
90,0,Email,28.0,0.84,Credit Card,14,1.0,0,0,0,1,1,1.4,54.45,Tuesday
91,0,Email,43.0,0.58,Credit Card,6,0.0,0,1,0,0,1,1.08,101.0,Monday
92,0,Email,29.0,8.0,Credit Card,8,1.5,0,1,0,0,1,0.08,287.0,Monday
93,1,Email,36.0,23.0,Credit Card,7,0.04,1,0,2,0,1,0.08,368.0,Wednesday
94,0,SMS,18.0,0.5,Deferred Repayment,9,0.085,0,0,0,0,1,3.4,35.65,Tuesday
95,1,Email,21.0,13.0,Credit Card,4,0.165,0,1,5,0,0,1.5,41.69,Monday
96,0,SMS,39.0,11.33,Credit Card,14,17.5,0,0,0,0,1,0.08,391.0,Monday
97,0,Email,32.0,1.17,Deferred Repayment,14,20.0,0,0,0,0,0,0.08,62.45,Monday
98,0,SMS,17.0,1.0,Credit Card,3,5.665,0,0,0,1,1,0.08,34.0,Monday
99,1,SMS,20.0,2.83,Credit Card,2,0.25,1,0,9,0,1,0.08,40.06,Monday
100,0,SMS,39.0,0.33,Credit Card,10,6.5,0,1,0,0,1,4.8,76.67,Monday
101,1,Email,39.0,25.0,Credit Card,8,0.0,1,0,2,1,1,2.8,75.87,Monday
102,1,Email,28.0,1.58,Credit Card,10,0.0,1,1,4,1,0,4.87,501.0,Monday
103,1,Email,28.0,15.0,Deferred Repayment,7,0.5,1,0,0,0,0,2.6,501.0,Monday
105,1,SMS,25.0,18.34,Credit Card,7,3.5,1,0,1,1,1,1.6,5861.0,Tuesday
106,1,Email,28.0,4.0,Credit Card,6,0.0,1,1,0,0,1,1.4,7545.0,Tuesday
107,0,Email,22.0,6.25,Credit Card,8,15.0,0,1,0,0,0,0.08,43.65,Monday
108,1,SMS,50.0,2.25,Credit Card,7,0.085,1,1,4,1,1,0.08,97.77,Tuesday
109,0,Email,32.0,40.0,Credit Card,8,1.625,0,1,0,1,1,2.8,63.43,Monday
110,0,Email,38.0,0.5,Deferred Repayment,11,1.5,0,1,0,0,1,1.6,75.05,Monday
111,0,Email,47.0,3.0,Credit Card,14,3.165,0,0,0,1,1,0.08,229.0,Monday
112,0,Email,28.0,22.0,Deferred Repayment,9,6.0,1,0,0,1,1,0.75,54.6,Tuesday
113,1,SMS,36.0,22.0,Credit Card,7,0.125,1,0,1,0,1,0.08,1584.0,Monday
114,0,Email,34.0,4.58,Credit Card,13,2.5,0,0,0,1,1,4.2,65.88,Wednesday
115,1,Email,34.0,10.0,Deferred Repayment,6,0.25,1,1,2,1,1,2.8,2001.0,Wednesday
116,1,SMS,21.0,3.25,Credit Card,8,0.0,1,1,0,1,1,0.8,51.0,Tuesday
117,1,Email,33.0,22.0,Credit Card,1,0.0,1,1,9,1,1,3.4,4072.0,Monday
118,1,Email,23.0,8.0,Credit Card,1,0.0,1,0,1,1,1,1.0,810.0,Monday
119,1,Email,49.0,14.0,Credit Card,6,0.25,1,1,1,0,1,1.81,1656.0,Tuesday
120,1,Email,41.0,28.0,Credit Card,4,0.125,1,0,7,0,0,0.08,3066.0,Monday
121,0,Email,21.0,1.67,Deferred Repayment,2,2.5,0,1,0,1,1,2.4,40.55,Monday
122,0,SMS,39.0,3.0,Credit Card,8,1.415,0,1,0,0,1,0.76,76.03,Thursday
123,1,SMS,57.0,0.08,Credit Card,14,2.0,1,0,0,0,0,0.08,3001.0,Monday
124,1,SMS,31.0,6.0,Credit Card,4,5.375,1,0,1,1,1,1.81,61.31,Tuesday
125,0,Email,22.0,36.25,Credit Card,8,4.5,0,0,0,0,1,4.2,284.0,Monday
126,1,SMS,58.0,20.42,Credit Card,7,0.085,1,0,1,0,0,0.08,1603.0,Monday
127,0,Email,29.0,15.08,Credit Card,13,7.0,0,0,0,0,0,2.2,141.0,Monday
128,1,SMS,46.0,7.0,Credit Card,4,0.04,1,0,0,0,0,1.0,961.0,Friday
129,1,Email,21.0,8.92,Deferred Repayment,3,0.0,1,0,5,1,1,1.6,41.2,Monday
130,1,SMS,25.0,3.17,Credit Card,1,0.625,1,0,2,1,1,1.2,568.0,Monday
131,0,SMS,21.0,0.92,Deferred Repayment,8,2.0,0,0,1,0,1,2.6,40.87,Friday
132,0,Email,25.0,5.75,Deferred Repayment,8,3.5,0,1,0,0,1,1.84,48.23,Thursday
133,0,SMS,26.0,20.0,Deferred Repayment,14,0.75,0,0,0,0,1,0.8,51.99,Monday
134,0,Email,41.0,22.0,Credit Card,13,5.0,1,1,0,0,1,1.3,80.28,Thursday
135,0,SMS,38.0,3.5,Credit Card,14,17.5,0,0,4,0,1,1.6,75.2,Monday
136,0,Email,20.0,0.25,Credit Card,14,1.75,0,1,0,0,1,3.5,770.0,Thursday
137,1,Email,39.0,21.0,Credit Card,8,0.165,1,1,3,0,0,2.4,4608.0,Monday
138,1,Email,26.0,2.17,Credit Card,10,0.415,1,1,6,1,1,3.12,50.52,Monday
139,1,SMS,46.0,25.0,Credit Card,4,0.21,1,0,2,1,1,3.96,4160.0,Monday
140,0,Email,20.0,6.0,Deferred Repayment,9,13.875,1,0,0,1,1,1.4,38.59,Tuesday
141,0,SMS,22.0,1.17,Deferred Repayment,8,2.5,0,0,0,0,1,2.8,43.65,Thursday
142,0,Email,19.0,1.08,Deferred Repayment,6,0.5,0,0,0,1,1,1.8,36.94,Thursday
143,1,Email,64.0,8.92,Credit Card,2,1.0,1,0,6,1,0,0.08,1001.0,Tuesday
144,0,SMS,16.0,8.0,Credit Card,10,3.5,0,0,0,0,1,1.08,99.0,Monday
145,1,SMS,69.0,2.67,Credit Card,1,0.5,1,1,8,0,1,0.08,3377.0,Friday
146,1,Email,77.0,3.25,Credit Card,6,0.25,1,0,2,1,0,0.08,110.0,Friday
147,0,SMS,16.0,17.0,Credit Card,8,2.0,0,0,0,0,1,1.2,31.24,Monday
148,0,Email,35.0,11.42,Credit Card,11,0.0,1,0,0,1,1,1.84,68.34,Wednesday
149,1,SMS,47.0,19.0,Credit Card,7,0.0,1,0,16,0,1,3.75,51101.0,Wednesday
151,0,Email,45.0,17.0,Credit Card,11,6.75,1,0,0,1,1,1.4,88.62,Monday
152,0,Email,15.0,11.75,Credit Card,8,5.0,0,0,0,0,0,6.0,29.76,Monday
153,0,Email,19.0,1.25,Deferred Repayment,8,2.5,0,1,2,0,1,2.0,36.94,Monday
154,1,Email,52.0,5.0,Credit Card,6,0.165,1,0,4,0,1,0.08,11203.0,Monday
156,1,Email,18.0,10.0,Credit Card,5,0.29,0,1,0,0,0,2.0,41.0,Friday
157,0,Email,38.0,8.0,Credit Card,5,10.0,0,1,5,0,1,1.2,73.57,Monday
158,1,Email,23.0,0.75,Deferred Repayment,11,0.04,1,1,2,0,1,0.8,44.48,Monday
159,0,Email,48.0,2.0,Credit Card,11,15.0,0,1,1,1,1,5.2,93.84,Wednesday
160,0,Email,34.0,4.0,Credit Card,8,2.5,0,1,0,0,1,4.6,66.86,Monday
161,0,SMS,33.0,4.25,Credit Card,8,0.75,0,0,0,1,1,0.08,64.9,Monday
162,1,Email,43.0,6.25,Deferred Repayment,1,0.585,1,1,2,1,0,3.0,163.0,Monday
163,1,Email,34.0,18.0,Deferred Repayment,8,2.625,1,1,2,1,0,1.95,67.69,Wednesday
164,0,Email,43.0,2.58,Credit Card,11,1.0,1,0,0,0,1,0.08,201.0,Wednesday
165,0,Email,18.0,22.92,Credit Card,8,0.5,0,0,0,1,1,2.8,35.81,Monday
166,0,Email,23.0,18.0,Credit Card,1,1.5,0,0,0,1,1,1.0,4209.0,Thursday
167,1,SMS,22.0,18.5,Deferred Repayment,3,8.0,0,1,1,0,0,1.64,44.14,Monday
168,0,Email,18.0,1.58,Credit Card,3,12.5,0,1,0,0,0,2.8,751.0,Monday
169,0,Email,18.0,2.67,Deferred Repayment,7,3.5,1,1,12,0,1,1.2,376.0,Monday
170,0,SMS,28.0,6.0,Credit Card,7,0.25,1,0,0,0,1,3.68,54.29,Monday
171,1,SMS,19.0,16.34,Deferred Repayment,1,0.25,1,0,6,1,0,0.8,501.0,Monday
172,0,Email,23.0,0.75,Credit Card,8,0.0,0,1,0,1,1,4.0,44.48,Monday
173,0,Email,62.0,3.33,Deferred Repayment,13,2.5,1,0,0,0,1,1.12,122.62,Tuesday
174,1,SMS,24.0,18.83,Credit Card,7,0.415,1,1,4,1,0,1.2,46.11,Monday
175,0,Email,35.0,23.33,Credit Card,8,0.0,1,1,0,1,1,6.8,69.16,Tuesday
176,0,SMS,57.0,5.0,Deferred Repayment,8,3.0,0,1,0,1,1,0.08,111.5,Thursday
177,0,SMS,53.0,8.5,Credit Card,9,2.0,0,1,7,1,0,0.62,104.63,Thursday
178,1,Email,41.0,7.5,Credit Card,1,0.54,1,0,6,0,1,3.2,80.78,Tuesday
179,1,Email,42.0,11.75,Credit Card,4,0.415,1,0,5,1,1,0.92,82.74,Tuesday
180,0,Email,41.0,1.08,Deferred Repayment,1,1.0,0,0,1,0,1,0.08,196.0,Monday
181,0,SMS,34.0,8.5,Credit Card,11,1.29,1,1,0,1,1,2.12,66.22,Wednesday
182,1,Email,26.0,9.17,Credit Card,3,0.54,1,0,0,1,0,1.4,259.0,Monday
183,1,Email,24.0,13.0,Deferred Repayment,6,0.0,1,0,1,1,1,1.0,47.74,Monday
184,1,Email,23.0,0.67,Deferred Repayment,1,1.585,1,1,1,1,0,1.6,301.0,Monday
185,0,Email,31.0,1.75,Credit Card,13,0.75,0,1,0,1,1,3.4,60.17,Tuesday
186,0,Email,37.0,3.42,Credit Card,9,0.5,1,0,0,1,1,2.8,72.93,Wednesday
187,0,Email,26.0,30.0,Credit Card,2,7.375,0,1,0,0,1,1.0,51.5,Monday
188,0,SMS,30.0,4.0,Credit Card,9,0.54,0,0,0,1,1,3.0,58.37,Monday
189,0,SMS,23.0,13.0,Credit Card,13,3.5,0,1,0,0,1,2.0,54.0,Friday
190,0,Email,17.0,6.0,Credit Card,14,2.29,0,0,0,1,1,1.6,41.0,Monday
191,1,Email,29.0,15.0,Credit Card,11,0.5,1,0,3,1,1,1.68,57.39,Monday
192,0,SMS,29.0,5.0,Credit Card,10,0.085,1,1,0,1,1,1.71,56.07,Wednesday
194,0,Email,23.0,2.0,Credit Card,7,0.165,1,1,0,0,1,1.8,45.95,Tuesday
195,1,Email,25.0,13.0,Credit Card,4,0.5,1,0,1,0,1,2.0,1209.0,Monday
196,1,SMS,19.0,19.0,Credit Card,1,5.5,1,1,1,0,1,1.84,26727.0,Monday
197,0,Email,17.0,6.0,Credit Card,11,2.0,0,1,0,0,0,1.6,33.51,Monday
198,0,SMS,16.0,1.5,Credit Card,10,1.5,0,0,0,0,1,1.6,127.0,Thursday
199,0,Email,33.0,3.08,Credit Card,6,7.0,0,1,0,1,1,7.2,64.59,Monday
200,1,SMS,20.0,8.5,Credit Card,4,0.04,1,0,1,0,1,0.5,1466.0,Tuesday
201,0,SMS,22.0,3.5,Deferred Repayment,9,0.29,0,0,0,0,1,1.6,42.67,Friday
202,1,Email,33.0,18.0,Credit Card,7,2.0,1,0,15,1,1,1.64,31286.0,Tuesday
203,0,SMS,25.0,4.5,Credit Card,11,15.5,1,0,0,1,1,3.6,49.7,Tuesday
204,1,SMS,25.0,10.83,Credit Card,6,0.0,1,1,1,0,0,0.08,501.0,Tuesday
206,0,Email,21.0,1.08,Deferred Repayment,4,0.25,0,1,0,0,1,1.4,185.0,Monday
207,0,SMS,40.0,30.0,Deferred Repayment,14,1.25,0,1,0,0,1,1.84,79.13,Monday
208,0,Email,29.0,9.58,Credit Card,11,4.0,0,1,0,1,1,4.0,109.0,Tuesday
209,0,Email,41.0,22.09,Deferred Repayment,2,0.25,0,1,0,1,1,1.3,80.28,Monday
210,1,SMS,30.0,52.67,Credit Card,1,0.165,1,1,0,0,0,3.8,501.0,Monday
211,1,Email,54.0,31.0,Deferred Repayment,3,0.29,1,0,1,0,0,1.8,315.0,Tuesday
212,0,Email,34.0,3.5,Deferred Repayment,13,1.5,0,0,2,1,1,0.6,66.71,Monday
213,0,Email,25.0,1.5,Credit Card,13,1.04,1,0,5,1,1,1.2,49.05,Monday
214,0,SMS,27.0,2.67,Deferred Repayment,14,1.375,0,0,0,1,1,1.8,61.0,Thursday
215,1,SMS,33.0,0.17,Credit Card,4,0.585,1,1,1,0,1,0.08,64.9,Tuesday
216,0,Email,34.0,4.0,Credit Card,13,0.75,0,0,0,0,1,1.2,66.06,Monday
217,0,Email,36.0,14.0,Credit Card,11,5.25,0,0,0,0,1,2.1,688.0,Wednesday
218,0,Email,20.0,8.0,Credit Card,10,1.0,0,0,0,0,1,2.8,365.0,Monday
219,1,Email,24.0,22.0,Credit Card,8,0.375,1,0,14,1,1,5.2,2001.0,Monday
220,1,SMS,30.0,5.0,Credit Card,6,0.085,1,1,5,1,1,0.08,3066.0,Wednesday
221,0,Email,20.0,22.0,Credit Card,9,2.5,0,0,0,0,1,0.08,39.24,Monday
222,1,Email,25.0,8.5,Credit Card,6,0.5,1,0,7,1,0,0.96,5125.0,Monday
223,0,Email,30.0,3.0,Credit Card,8,5.165,0,1,0,1,1,4.6,69.0,Monday
224,0,Email,43.0,5.75,Credit Card,8,1.5,1,1,0,0,1,5.6,84.7,Wednesday
225,0,Email,29.0,7.0,Credit Card,9,5.085,1,1,0,0,1,2.8,56.41,Monday
226,0,Email,32.0,6.0,Deferred Repayment,8,1.29,0,0,0,0,1,0.08,61.94,Wednesday
227,1,Email,20.0,22.0,Credit Card,4,0.0,1,0,40,0,1,0.08,39.73,Friday
228,1,Email,45.0,27.33,Credit Card,4,0.25,1,0,3,1,1,0.88,2001.0,Tuesday
229,1,SMS,23.0,11.42,Credit Card,6,0.085,1,1,4,1,1,1.4,2385.0,Tuesday
230,1,SMS,21.0,1.67,Credit Card,7,2.25,1,1,8,0,0,1.0,40.55,Monday
231,0,Email,28.0,23.0,Credit Card,13,5.0,0,0,0,1,1,1.0,54.6,Monday
232,0,Email,41.0,0.58,Deferred Repayment,1,1.085,1,1,0,1,1,1.76,80.28,Tuesday
233,1,Email,56.0,17.0,Deferred Repayment,4,0.54,1,1,1,0,1,0.08,110.7,Monday
234,1,SMS,64.0,18.0,Credit Card,3,0.21,1,0,5,0,1,2.32,101.0,Thursday
235,1,SMS,22.0,20.42,Deferred Repayment,11,0.0,1,1,12,0,0,0.08,322.0,Tuesday
236,0,SMS,24.0,33.0,Deferred Repayment,8,6.04,0,0,0,0,1,2.0,457.0,Wednesday
237,0,SMS,70.0,10.08,Credit Card,13,0.79,0,1,0,0,1,0.08,136.36,Thursday
238,0,Email,36.0,2.67,Credit Card,11,5.0,0,0,0,1,0,2.31,69.81,Monday
239,1,Email,48.0,4.0,Credit Card,7,0.0,1,1,7,0,1,1.1,94.82,Monday
240,1,SMS,28.0,0.25,Deferred Repayment,8,0.085,1,0,0,0,1,0.08,13213.0,Friday
241,1,Email,35.0,22.25,Credit Card,8,0.415,1,1,9,0,1,1.5,1271.0,Monday
242,1,Email,50.0,22.0,Credit Card,4,0.5,1,0,7,1,0,0.08,5001.0,Wednesday
243,0,Email,80.0,3.0,Credit Card,2,1.415,1,0,0,0,1,0.08,341.0,Monday
244,0,Email,29.0,6.5,Credit Card,10,0.75,0,0,0,0,0,2.28,57.39,Tuesday
245,0,SMS,17.0,2.5,Credit Card,8,3.5,0,1,0,1,0,2.4,36.0,Monday
246,0,SMS,16.0,3.0,Credit Card,9,3.0,0,0,0,1,1,3.2,31.39,Monday
247,1,Email,60.0,1.5,Credit Card,8,1.25,1,0,14,1,1,0.08,1001.0,Thursday
248,1,Email,28.0,14.16,Credit Card,1,2.5,1,1,1,1,1,1.81,54.94,Tuesday
249,1,Email,42.0,4.33,Credit Card,7,0.0,0,1,6,0,0,2.16,81.42,Wednesday
250,0,Email,24.0,0.33,Credit Card,8,0.04,0,1,0,1,1,0.08,47.24,Monday
251,0,Email,24.0,5.0,Deferred Repayment,8,0.5,0,1,0,1,1,1.2,476.0,Monday
252,1,Email,35.0,20.42,Credit Card,2,0.085,1,1,0,1,1,0.08,135.0,Friday
253,0,Email,34.0,2.42,Credit Card,11,4.0,0,0,0,0,1,1.2,66.06,Monday
254,1,SMS,41.0,19.5,Credit Card,7,0.0,1,1,2,0,0,0.29,838.0,Tuesday
255,1,Email,20.0,2.5,Credit Card,3,0.04,1,1,1,0,0,1.0,151.0,Monday
256,1,Email,38.0,0.33,Deferred Repayment,4,0.125,0,1,7,1,1,4.31,73.57,Monday
257,1,Email,48.0,14.0,Credit Card,3,3.085,1,0,7,1,0,2.25,95.16,Monday
258,0,Email,23.0,4.0,Credit Card,4,2.25,0,0,2,1,1,3.2,45.13,Monday
259,0,Email,35.0,1.08,Credit Card,11,13.0,0,0,0,1,1,0.08,68.67,Tuesday
260,0,Email,16.0,16.0,Credit Card,10,5.5,0,1,0,0,1,0.8,22.0,Monday
261,1,Email,23.0,8.0,Credit Card,3,6.75,1,0,12,0,1,1.0,44.48,Tuesday
262,0,SMS,22.0,10.08,Credit Card,8,3.5,0,0,0,1,1,1.8,42.67,Monday
263,1,SMS,25.0,13.0,Deferred Repayment,2,0.0,1,1,8,1,0,3.7,49.21,Monday
264,1,Email,36.0,20.0,Deferred Repayment,4,0.04,1,1,1,0,0,0.5,1188.0,Monday
265,0,SMS,29.0,6.0,Credit Card,11,0.0,0,0,0,1,0,0.4,155.0,Monday
266,0,Email,22.0,2.17,Credit Card,11,1.0,0,0,0,1,1,1.8,174.0,Monday
267,1,Email,34.0,11.0,Credit Card,3,14.0,1,0,6,1,1,5.2,50001.0,Monday
268,0,Email,35.0,6.0,Credit Card,14,10.75,0,0,0,1,0,2.1,68.67,Monday
269,0,Email,29.0,22.09,Credit Card,14,7.0,0,1,0,1,1,1.0,56.07,Monday
270,0,SMS,19.0,0.67,Credit Card,4,14.0,0,1,0,0,1,0.8,485.0,Tuesday
271,1,Email,23.0,18.5,Credit Card,3,0.04,1,0,2,0,1,3.0,45.62,Monday
272,0,Email,16.0,14.0,Credit Card,11,3.04,0,0,0,0,1,1.32,32.37,Monday
273,1,SMS,20.0,8.25,Credit Card,11,0.085,0,0,4,0,1,2.4,769.0,Monday
274,1,Email,22.0,3.0,Credit Card,4,0.125,1,0,0,0,1,0.8,279.0,Monday
275,0,Email,34.0,0.75,Deferred Repayment,1,2.75,0,0,0,1,1,4.8,66.71,Wednesday
276,0,SMS,57.0,10.0,Credit Card,9,1.25,1,0,0,1,1,2.52,2198.0,Wednesday
277,0,Email,16.0,1.5,Credit Card,11,4.5,1,1,0,0,1,2.0,31.88,Monday
278,1,Email,33.0,10.5,Credit Card,6,0.125,1,1,1,0,0,1.6,2073.0,Tuesday
279,1,Email,48.0,13.0,Credit Card,1,0.415,1,1,0,0,0,1.2,94.67,Monday
280,0,Email,34.0,10.0,Credit Card,13,1.25,0,0,0,1,1,2.32,201.0,Wednesday
281,0,Email,18.0,3.5,Deferred Repayment,8,3.085,0,0,0,0,1,1.0,35.96,Friday
282,0,Email,44.0,3.25,Credit Card,1,0.75,1,1,0,0,1,4.0,86.82,Monday
283,0,Email,39.0,3.5,Credit Card,8,0.0,0,0,7,1,1,3.0,76.36,Monday
284,0,Email,32.0,0.34,Deferred Repayment,9,8.29,0,1,0,1,0,3.2,61.96,Monday
285,1,Email,25.0,9.0,Credit Card,1,0.085,1,1,3,1,0,3.95,49.21,Monday
286,1,Email,65.0,1.67,Credit Card,3,0.125,1,1,1,1,1,0.22,128.35,Friday
288,0,Email,31.0,1.5,Credit Card,11,1.5,0,0,0,0,1,0.96,61.31,Thursday
289,0,SMS,37.0,3.5,Credit Card,8,2.29,0,0,0,0,1,1.6,72.1,Thursday
290,0,Email,32.0,1.67,Credit Card,8,9.0,1,0,0,1,1,4.2,63.43,Wednesday
291,0,SMS,32.0,9.58,Credit Card,10,5.0,0,0,0,1,1,2.0,62.63,Thursday
292,1,Email,25.0,14.0,Credit Card,4,0.25,1,0,1,0,1,1.84,601.0,Monday
293,1,Email,22.0,20.25,Deferred Repayment,8,0.165,1,1,11,1,1,8.4,60.0,Monday
294,1,Email,34.0,6.0,Credit Card,1,3.0,1,1,10,1,1,0.08,67.2,Tuesday
295,0,Email,52.0,24.66,Deferred Repayment,4,2.0,0,1,0,0,1,1.8,101.69,Thursday
296,0,SMS,32.0,2.0,Credit Card,9,4.0,0,0,0,1,0,2.0,106.0,Thursday
297,0,Email,38.0,15.08,Credit Card,11,1.085,0,1,0,0,1,2.25,501.0,Monday
298,1,Email,39.0,19.0,Credit Card,1,1.25,1,0,0,1,1,4.8,76.85,Monday
299,0,Email,18.0,5.0,Credit Card,9,5.0,0,1,0,1,1,1.6,588.0,Friday
300,1,Email,39.0,13.0,Credit Card,1,1.5,1,0,0,1,1,0.08,76.52,Monday
301,0,Email,20.0,0.67,Credit Card,10,2.085,0,1,0,1,1,1.36,39.24,Monday
302,0,Email,33.0,5.5,Credit Card,13,1.0,0,1,0,1,1,2.92,64.26,Tuesday
303,0,Email,19.0,1.25,Credit Card,3,0.335,0,0,0,0,1,1.2,36.45,Monday
304,0,SMS,16.0,0.25,Credit Card,4,2.79,0,0,0,1,1,0.08,161.0,Monday
305,1,Email,39.0,21.0,Credit Card,3,0.375,1,1,1,1,1,3.99,77.17,Tuesday
306,0,SMS,20.0,1.0,Credit Card,8,0.5,0,0,2,0,1,2.2,38.42,Monday
307,1,Email,21.0,0.33,Credit Card,3,0.415,1,1,2,1,1,0.08,41.85,Monday
308,0,SMS,23.0,4.0,Credit Card,7,0.125,0,1,0,1,1,2.0,395.0,Monday
309,0,Email,26.0,6.0,Credit Card,4,2.0,0,0,0,1,1,4.16,50.36,Tuesday
310,0,Email,21.0,3.67,Deferred Repayment,13,5.0,0,0,0,0,1,2.6,41.36,Tuesday
311,0,SMS,49.0,11.42,Credit Card,8,5.085,1,0,0,1,1,1.0,96.14,Friday
312,0,Email,21.0,3.5,Credit Card,11,3.5,1,0,0,0,0,1.6,40.55,Monday
313,1,SMS,20.0,23.5,Credit Card,3,0.085,1,1,8,0,1,0.8,100.0,Tuesday
314,1,Email,22.0,24.0,Credit Card,8,0.46,1,0,17,1,1,0.08,42.83,Tuesday
315,0,Email,27.0,3.5,Credit Card,11,8.5,0,0,2,0,1,1.0,52.64,Thursday
316,0,SMS,39.0,1.17,Credit Card,7,0.0,1,1,0,1,1,9.8,75.69,Monday
317,1,SMS,50.0,33.0,Credit Card,9,0.875,1,0,2,1,1,1.56,98.26,Monday
318,0,SMS,16.0,1.5,Credit Card,10,3.0,0,0,0,0,1,1.2,19.0,Monday
319,1,SMS,24.0,8.0,Credit Card,6,0.25,1,0,0,0,0,0.73,445.0,Wednesday
320,1,Email,21.0,12.08,Deferred Repayment,3,0.665,1,1,11,1,1,0.8,301.0,Monday
321,1,Email,22.0,2.5,Credit Card,14,1.21,1,1,15,0,1,1.0,43.32,Monday
322,1,Email,55.0,1.08,Credit Card,1,0.0,1,0,1,1,1,0.3,301.0,Thursday
323,1,Email,18.0,2.0,Credit Card,6,0.25,1,1,3,0,0,0.8,35.47,Monday
324,1,Email,37.0,1.17,Deferred Repayment,6,0.75,1,1,2,1,0,3.2,71.95,Monday
325,1,Email,38.0,22.0,Credit Card,4,0.125,1,1,0,0,0,5.2,197.0,Monday
326,0,Email,22.0,6.0,Credit Card,8,2.585,0,1,0,1,1,3.56,42.83,Monday
327,0,SMS,52.0,10.0,Credit Card,8,0.25,0,1,0,1,1,0.73,101.87,Wednesday
328,0,Email,22.0,3.25,Credit Card,11,1.165,0,0,0,0,1,1.6,43.5,Monday
329,0,Email,52.0,1.75,Credit Card,8,0.75,0,0,0,1,1,0.08,351.0,Monday
330,1,SMS,61.0,15.08,Credit Card,6,0.0,1,0,1,0,0,0.08,100.0,Monday
331,1,Email,20.0,18.83,Credit Card,4,0.165,1,1,2,0,0,1.2,39.57,Monday
332,1,Email,23.0,5.33,Credit Card,8,0.5,1,1,1,1,0,1.6,45.62,Wednesday
333,0,Email,36.0,14.16,Deferred Repayment,8,0.375,0,1,0,1,1,3.09,70.97,Monday
334,0,SMS,42.0,0.75,Deferred Repayment,6,5.0,0,0,0,1,1,1.5,82.89,Monday
335,0,Email,24.0,4.0,Credit Card,14,0.04,0,0,0,1,1,2.2,46.26,Tuesday
336,1,SMS,36.0,2.0,Credit Card,6,0.04,1,1,12,0,1,0.08,457.0,Monday
337,0,Email,40.0,6.0,Credit Card,8,1.0,0,1,0,0,1,0.17,77.66,Thursday
338,1,SMS,19.0,29.58,Deferred Repayment,6,0.165,1,1,14,0,1,2.4,36.94,Tuesday
339,0,Email,27.0,0.42,Credit Card,8,1.46,1,0,0,1,1,2.0,53.46,Monday
340,0,Email,32.0,1.5,Credit Card,8,1.5,0,1,0,1,1,1.2,63.61,Monday
341,0,Email,19.0,4.08,Deferred Repayment,9,2.0,1,1,0,1,1,1.0,21.0,Monday
342,1,SMS,23.0,0.58,Credit Card,3,10.0,1,0,0,1,1,0.08,561.0,Monday
343,1,Email,40.0,10.17,Credit Card,1,0.5,1,0,2,0,1,2.0,301.0,Monday
344,1,Email,23.0,16.0,Credit Card,1,0.125,0,0,7,1,1,0.08,44.48,Friday
345,1,SMS,23.0,5.0,Deferred Repayment,5,0.29,1,1,11,1,0,0.8,401.0,Monday
346,1,SMS,30.0,26.0,Credit Card,9,0.0,1,1,14,1,0,0.99,501.0,Friday
347,1,SMS,40.0,42.0,Deferred Repayment,6,0.085,1,0,1,0,1,0.08,2301.0,Tuesday
348,1,SMS,37.0,14.0,Credit Card,2,0.165,1,1,0,1,0,0.08,4001.0,Monday
349,0,Email,31.0,7.0,Credit Card,14,9.46,0,0,0,0,1,3.0,60.82,Monday
350,1,SMS,25.0,1.0,Credit Card,1,0.25,1,1,9,0,0,3.6,49.38,Tuesday
351,0,Email,27.0,10.5,Credit Card,8,1.21,0,1,0,1,0,7.2,53.8,Wednesday
352,1,Email,32.0,20.0,Credit Card,3,0.25,1,0,12,1,1,2.9,2280.0,Monday
353,0,Email,34.0,4.67,Credit Card,6,2.25,1,1,0,1,1,4.43,66.86,Monday
354,0,Email,22.0,5.0,Credit Card,9,4.25,0,0,0,0,1,1.8,43.32,Monday
355,0,Email,31.0,0.58,Credit Card,3,6.0,0,0,0,1,1,1.6,42.0,Monday
356,0,Email,32.0,2.17,Credit Card,14,0.665,1,1,0,1,1,3.2,61.94,Wednesday
357,0,Email,16.0,22.0,Credit Card,8,0.5,0,1,0,0,1,0.08,31.39,Monday
358,1,Email,27.0,1.5,Credit Card,2,6.5,1,0,0,0,1,3.99,828.0,Tuesday
359,0,Email,25.0,0.25,Credit Card,11,7.5,0,0,0,0,1,0.08,49.38,Monday
360,1,Email,68.0,24.67,Credit Card,4,0.125,1,0,2,1,1,0.08,132.93,Friday
361,1,SMS,19.0,9.25,Credit Card,2,5.75,1,0,6,1,1,0.4,601.0,Monday
362,0,SMS,27.0,17.33,Credit Card,9,5.0,0,1,0,1,1,2.72,109.0,Tuesday
363,0,SMS,20.0,10.0,Deferred Repayment,8,2.0,0,0,0,0,0,20.0,38.42,Monday
364,0,Email,31.0,0.41,Credit Card,9,15.0,0,1,0,1,1,0.08,60.33,Monday
365,0,SMS,50.0,1.75,Credit Card,10,1.5,0,1,7,1,1,2.4,118.0,Monday
366,0,Email,31.0,13.0,Deferred Repayment,14,1.25,0,1,1,0,1,1.6,60.98,Monday
367,1,Email,52.0,2.0,Credit Card,4,0.085,1,1,14,0,0,0.08,101.2,Monday
368,0,SMS,37.0,9.0,Credit Card,2,2.125,0,0,2,0,1,2.0,71.77,Thursday
369,1,Email,34.0,2.75,Credit Card,8,1.835,1,0,9,0,1,2.04,65.88,Monday
370,1,SMS,21.0,8.5,Credit Card,2,0.125,1,1,1,0,0,1.0,40.87,Monday
371,0,Email,36.0,3.0,Credit Card,8,0.835,0,1,0,0,1,3.2,3553.0,Monday
372,0,Email,51.0,2.5,Credit Card,1,1.0,0,0,0,0,1,1.45,99.57,Thursday
373,0,SMS,24.0,6.0,Credit Card,8,0.96,0,0,0,1,1,2.0,46.26,Monday
374,1,Email,35.0,6.17,Credit Card,6,1.96,0,0,12,1,1,7.11,69.0,Tuesday
375,1,SMS,58.0,14.16,Credit Card,11,0.165,1,1,1,0,1,0.08,6701.0,Wednesday
376,1,Email,28.0,10.08,Credit Card,7,0.125,1,0,2,1,0,3.96,55.43,Monday
377,0,Email,32.0,3.5,Credit Card,11,1.585,0,0,0,0,1,3.8,2011.0,Monday
378,0,SMS,32.0,1.0,Deferred Repayment,6,1.5,0,0,0,0,1,1.6,62.29,Friday
379,1,Email,19.0,8.92,Credit Card,4,0.5,1,0,6,0,1,0.8,2955.0,Tuesday
380,1,Email,39.0,27.33,Credit Card,4,0.25,1,0,2,1,1,1.08,1098.0,Monday
381,0,Email,17.0,1.33,Credit Card,13,5.085,0,0,0,1,1,1.4,33.51,Monday
382,0,Email,45.0,20.42,Deferred Repayment,7,2.75,0,1,9,0,1,1.6,87.96,Monday
384,1,SMS,41.0,3.5,Credit Card,13,5.0,1,0,9,1,1,1.45,80.78,Monday
385,1,Email,29.0,19.0,Credit Card,3,0.5,1,0,11,0,1,0.08,2284.0,Tuesday
386,0,SMS,26.0,5.5,Credit Card,9,0.0,0,0,0,1,0,2.76,51.35,Friday
387,1,Email,39.0,5.0,Credit Card,8,0.0,1,0,0,0,1,3.83,1345.0,Monday
388,1,Email,25.0,6.5,Credit Card,5,0.375,1,0,0,0,1,0.08,49.38,Monday
389,1,SMS,28.0,12.0,Credit Card,6,0.25,1,0,5,0,1,0.8,55.27,Monday
390,1,Email,73.0,8.0,Credit Card,2,2.125,1,1,6,1,1,0.08,144.05,Thursday
391,0,Email,22.0,2.5,Deferred Repayment,10,1.0,0,1,0,1,1,0.08,4001.0,Monday
392,0,SMS,27.0,4.5,Credit Card,8,1.46,0,0,0,0,0,0.92,301.0,Thursday
393,1,SMS,19.0,22.0,Credit Card,4,0.04,1,0,2,0,1,0.96,37.61,Tuesday
395,0,Email,32.0,3.0,Deferred Repayment,8,1.335,0,0,0,1,1,4.6,61.94,Monday
396,0,SMS,22.0,4.5,Credit Card,8,3.5,1,0,0,0,1,0.8,991.0,Monday
397,0,SMS,23.0,21.5,Credit Card,2,8.5,0,0,0,1,1,1.2,810.0,Monday
398,0,Email,23.0,0.75,Credit Card,11,3.165,0,1,0,0,1,0.08,5553.0,Monday
399,0,SMS,30.0,0.41,Deferred Repayment,11,1.0,0,0,0,0,1,2.8,57.88,Monday
400,0,SMS,32.0,3.08,Credit Card,11,3.75,0,0,0,0,1,2.72,62.78,Monday
401,1,Email,27.0,23.0,Deferred Repayment,9,4.5,1,0,2,1,0,2.6,1066.0,Monday
402,0,Email,19.0,1.08,Credit Card,8,0.795,0,0,0,1,1,2.0,37.93,Wednesday
403,0,Email,36.0,0.84,Credit Card,14,5.0,0,1,0,0,1,2.2,70.14,Monday
405,1,SMS,29.0,27.33,Credit Card,3,0.25,1,0,6,1,1,3.71,56.41,Monday
406,1,Email,34.0,18.34,Credit Card,3,0.0,1,1,7,0,0,2.74,611.0,Wednesday
407,0,SMS,33.0,5.0,Deferred Repayment,14,7.585,0,0,0,0,1,1.8,65.24,Monday
408,1,Email,54.0,15.25,Credit Card,4,0.29,1,1,5,0,1,0.08,105.79,Monday
409,0,Email,25.0,1.5,Credit Card,3,4.0,0,0,0,0,0,2.0,49.54,Monday
410,0,Email,32.0,19.0,Deferred Repayment,9,2.25,0,0,1,0,1,1.2,63.61,Thursday
411,0,SMS,21.0,1.83,Deferred Repayment,14,0.0,0,1,2,0,1,0.08,41.36,Thursday
412,1,SMS,56.0,26.0,Credit Card,11,0.125,1,0,16,0,0,0.08,248.0,Thursday
413,1,Email,32.0,1.5,Deferred Repayment,6,0.165,1,0,5,1,1,4.32,8001.0,Tuesday
414,1,SMS,20.0,2.67,Credit Card,4,0.25,1,1,0,0,1,3.4,40.22,Tuesday
415,0,SMS,30.0,20.42,Credit Card,13,1.75,0,1,0,1,0,1.0,59.35,Monday
416,0,SMS,25.0,0.33,Credit Card,9,1.29,1,0,0,0,1,4.0,48.23,Tuesday
417,1,Email,23.0,16.0,Credit Card,8,0.5,1,1,7,0,1,1.0,45.46,Tuesday
418,0,SMS,32.0,3.58,Credit Card,11,0.875,0,0,0,0,1,1.84,5201.0,Thursday
419,1,SMS,32.0,8.0,Credit Card,1,0.0,1,0,1,0,1,4.4,11178.0,Monday
420,1,Email,24.0,1.17,Credit Card,4,0.04,1,0,13,0,1,2.0,328.0,Tuesday
421,1,Email,37.0,5.08,Deferred Repayment,6,0.665,0,1,2,1,1,2.32,114.0,Monday
422,0,Email,30.0,1.83,Deferred Repayment,14,0.0,0,0,0,0,1,2.24,58.53,Monday
423,1,SMS,24.0,12.42,Credit Card,8,0.0,1,0,6,0,1,0.08,679.0,Tuesday
424,0,Email,21.0,6.0,Deferred Repayment,8,1.0,0,0,0,0,1,2.8,205.0,Tuesday
425,0,Email,31.0,2.67,Credit Card,1,2.0,1,0,0,0,1,1.2,61.65,Monday
426,1,Email,23.0,30.0,Credit Card,3,0.0,1,1,0,0,1,2.6,801.0,Monday
427,0,Email,38.0,14.0,Deferred Repayment,9,0.0,1,1,0,1,1,1.64,401.0,Wednesday
428,0,SMS,25.0,0.5,Credit Card,13,3.085,0,1,8,1,1,3.6,48.72,Monday
429,0,Email,36.0,8.5,Credit Card,11,1.21,1,0,0,1,1,2.0,71.28,Monday
430,1,SMS,47.0,30.0,Credit Card,6,0.04,1,1,12,0,1,3.33,893.0,Tuesday
431,0,Email,32.0,27.33,Deferred Repayment,13,2.25,0,1,0,1,1,1.2,62.94,Monday
432,0,SMS,31.0,1.67,Credit Card,14,7.875,0,1,0,1,1,1.29,60.0,Tuesday
433,1,Email,28.0,21.5,Credit Card,1,0.04,1,1,3,1,1,1.0,54.6,Monday
434,0,Email,55.0,5.0,Credit Card,4,1.5,1,0,0,0,1,1.52,131.0,Friday
435,1,Email,16.0,0.5,Credit Card,6,0.29,1,0,1,1,0,3.52,691.0,Monday
436,0,Email,25.0,19.0,Credit Card,11,0.04,1,1,0,1,1,2.6,48.23,Monday
437,1,Email,33.0,28.0,Credit Card,8,0.0,1,0,1,1,0,4.08,1001.0,Tuesday
438,1,Email,30.0,2.17,Credit Card,7,0.125,1,0,1,0,0,0.32,541.0,Monday
439,0,Email,22.0,0.5,Credit Card,7,2.335,0,1,0,1,1,2.8,56.0,Monday
440,1,Email,42.0,10.0,Credit Card,2,0.085,1,1,4,0,0,5.1,601.0,Monday
441,0,Email,37.0,2.5,Credit Card,13,1.0,0,1,0,1,1,2.21,71.95,Monday
442,0,Email,26.0,6.5,Credit Card,9,28.5,0,0,0,0,1,0.08,50.68,Monday
443,1,Email,30.0,22.5,Credit Card,6,0.29,1,0,60,0,0,2.6,201.0,Tuesday
444,0,Email,20.0,6.0,Credit Card,8,16.0,0,1,0,0,1,2.0,39.4,Monday
445,1,Email,20.0,8.17,Credit Card,10,0.04,1,0,1,1,1,0.8,38.59,Monday
446,1,Email,51.0,8.83,Credit Card,5,0.625,1,0,0,0,1,0.08,3001.0,Tuesday
447,0,Email,63.0,27.33,Credit Card,13,1.0,0,1,0,0,1,0.08,123.12,Friday
448,0,Email,41.0,2.5,Credit Card,14,0.96,0,0,5,1,1,4.0,79.62,Monday
449,0,SMS,16.0,6.0,Credit Card,11,1.25,0,1,0,0,1,2.0,32.04,Monday
450,0,Email,30.0,1.25,Credit Card,11,1.75,0,0,0,0,1,3.4,2804.0,Monday
451,0,Email,34.0,4.08,Credit Card,2,0.0,1,0,0,1,1,2.4,66.71,Monday
453,1,Email,42.0,1.33,Credit Card,6,0.75,1,1,2,0,0,4.0,82.4,Tuesday
454,0,SMS,22.0,6.58,Deferred Repayment,1,2.5,1,1,0,1,1,2.68,44.14,Monday
455,0,Email,24.0,1.58,Credit Card,4,4.0,0,1,0,0,1,3.2,1301.0,Friday
456,1,Email,44.0,18.0,Credit Card,3,0.29,1,0,11,1,1,3.2,86.98,Tuesday
457,1,SMS,23.0,3.0,Credit Card,4,0.29,1,0,16,1,1,3.0,552.0,Tuesday
458,0,Email,34.0,0.41,Credit Card,8,0.46,0,0,0,1,1,4.4,4501.0,Wednesday
459,1,Email,23.0,8.0,Credit Card,5,1.25,1,1,11,0,1,0.56,743.0,Monday
460,0,Email,26.0,1.58,Credit Card,8,1.04,0,0,0,1,1,1.74,50.85,Monday
461,1,SMS,18.0,25.08,Credit Card,7,0.125,1,0,7,1,1,0.08,34.49,Monday
462,0,Email,20.0,11.33,Credit Card,14,2.71,0,1,0,0,1,1.08,40.06,Monday
463,1,Email,32.0,30.0,Credit Card,1,0.165,1,0,11,0,1,2.5,731.0,Monday
464,0,SMS,58.0,1.08,Credit Card,10,2.0,0,0,0,0,1,0.08,112.97,Thursday
465,1,Email,60.0,18.0,Credit Card,13,0.04,1,1,11,1,1,2.6,117.07,Monday
466,1,SMS,65.0,10.0,Credit Card,8,0.0,1,0,14,1,0,0.08,1401.0,Thursday
467,0,Email,30.0,0.17,Deferred Repayment,9,0.79,1,1,0,1,1,1.32,59.02,Wednesday
468,1,Email,49.0,18.34,Credit Card,8,0.54,1,1,2,1,1,3.5,95.31,Tuesday
469,0,SMS,24.0,28.0,Deferred Repayment,11,0.75,0,1,0,1,1,0.2,46.26,Tuesday
470,1,Email,20.0,29.58,Credit Card,2,0.0,1,1,2,1,1,0.4,29.0,Monday
471,1,Email,48.0,8.5,Credit Card,2,0.04,1,1,4,0,1,0.08,791.0,Tuesday
472,1,Email,23.0,6.0,Credit Card,3,0.29,1,0,2,1,0,0.08,583.0,Monday
473,0,Email,32.0,8.25,Deferred Repayment,2,3.0,0,1,0,0,1,1.6,63.27,Thursday
474,0,Email,34.0,3.0,Deferred Repayment,11,1.5,0,0,0,0,1,1.8,65.88,Monday
475,0,Email,24.0,7.08,Deferred Repayment,8,1.25,1,0,0,1,1,2.08,348.0,Monday
476,0,Email,17.0,3.0,Deferred Repayment,11,8.5,0,1,2,0,1,2.0,33.2,Monday
477,0,SMS,21.0,3.67,Credit Card,9,3.5,0,0,0,0,1,0.08,352.0,Monday
478,1,SMS,61.0,1.25,Credit Card,6,0.0,1,1,2,1,1,0.21,10562.0,Monday
479,0,Email,32.0,1.17,Deferred Repayment,9,5.5,1,1,0,0,1,0.08,61.94,Monday
480,1,SMS,25.0,15.25,Credit Card,1,0.165,1,1,5,0,1,4.0,459.0,Tuesday
481,0,Email,22.0,4.5,Credit Card,14,3.0,1,0,0,0,1,1.4,42.18,Monday
483,0,SMS,25.0,3.0,Deferred Repayment,7,1.665,0,0,0,1,1,2.0,49.54,Thursday
484,1,Email,43.0,5.75,Credit Card,11,0.04,1,0,0,0,1,0.08,84.03,Monday
485,1,Email,27.0,8.0,Deferred Repayment,4,1.5,1,0,1,1,1,1.6,5778.0,Monday
486,1,Email,58.0,36.25,Credit Card,3,0.0,1,0,14,1,1,3.6,1333.0,Monday
487,1,Email,56.0,0.58,Credit Card,6,0.0,1,1,8,0,0,0.08,8852.0,Thursday
488,1,Email,51.0,56.0,Credit Card,3,0.0,1,0,8,0,1,0.08,1250.0,Wednesday
489,0,Email,40.0,5.5,Credit Card,8,4.25,1,1,0,0,1,2.88,78.15,Monday
490,1,Email,28.0,19.0,Deferred Repayment,8,2.335,1,1,2,1,1,3.7,561.0,Monday
491,1,Email,30.0,13.33,Credit Card,8,0.0,1,0,0,0,0,3.3,1201.0,Monday
492,0,Email,52.0,2.17,Deferred Repayment,9,2.04,0,1,0,0,1,1.2,101.69,Thursday
493,0,SMS,25.0,19.17,Deferred Repayment,11,0.835,1,0,0,0,1,1.2,49.05,Monday
494,0,Email,30.0,13.0,Deferred Repayment,8,1.625,0,0,0,0,1,2.4,58.21,Monday
495,1,SMS,34.0,23.5,Credit Card,8,0.0,0,1,8,0,0,3.0,45.0,Monday
496,1,Email,26.0,3.5,Credit Card,6,0.085,1,0,0,0,1,3.49,50.52,Wednesday
497,1,SMS,29.0,22.0,Credit Card,6,0.085,1,0,0,1,0,3.0,1431.0,Monday
498,1,SMS,18.0,3.0,Credit Card,9,0.0,0,0,1,1,0,3.0,35.47,Thursday
499,1,Email,20.0,9.25,Credit Card,8,15.0,1,1,5,0,1,2.0,1392.0,Monday
500,1,Email,18.0,2.42,Credit Card,4,0.0,0,0,3,1,1,4.5,10000100.0,Friday
501,0,Email,18.0,22.0,Deferred Repayment,13,0.125,0,0,7,0,1,1.4,35.47,Monday
502,1,Email,48.0,1.5,Credit Card,8,0.0,1,1,1,1,1,4.1,2511.0,Wednesday
503,1,Email,57.0,20.0,Credit Card,4,0.21,1,1,5,0,1,0.08,112.66,Tuesday
504,1,Email,14.0,9.0,Deferred Repayment,1,0.125,1,1,0,1,1,1.2,1001.0,Monday
505,1,Email,19.0,14.0,Credit Card,7,0.085,1,0,7,1,0,0.6,401.0,Monday
506,0,SMS,22.0,6.0,Credit Card,10,0.375,0,0,0,0,1,3.2,43.01,Tuesday
507,0,Email,18.0,11.0,Credit Card,4,1.25,0,0,0,0,1,1.2,34.49,Tuesday
508,0,Email,35.0,1.08,Deferred Repayment,6,5.75,0,0,0,0,1,2.0,68.34,Monday
509,0,Email,29.0,25.5,Credit Card,8,0.25,1,0,2,1,1,3.29,57.23,Monday
510,0,Email,21.0,6.0,Deferred Repayment,8,7.96,0,1,0,1,1,1.32,42.03,Friday
511,0,Email,18.0,17.0,Credit Card,13,0.125,0,0,0,0,0,3.2,35.65,Tuesday
512,0,Email,28.0,0.33,Credit Card,8,1.085,0,1,0,1,1,3.0,68.0,Monday
513,1,SMS,46.0,19.25,Credit Card,1,0.125,1,0,1,1,1,0.08,89.92,Monday
514,0,Email,23.0,3.42,Credit Card,11,3.335,0,0,0,0,1,0.08,44.64,Monday
515,0,SMS,32.0,25.0,Credit Card,8,3.75,1,1,6,1,0,3.0,61.94,Monday
516,1,SMS,20.0,13.0,Credit Card,2,3.75,1,1,6,0,1,1.6,235.0,Monday
517,1,SMS,21.0,3.5,Credit Card,6,0.085,1,0,4,0,1,0.8,41.69,Wednesday
518,1,Email,27.0,18.0,Credit Card,12,0.165,1,1,0,1,1,1.2,52.33,Monday
519,0,SMS,27.0,4.67,Credit Card,8,0.5,0,1,0,0,1,3.4,53.62,Thursday
520,1,Email,42.0,15.67,Credit Card,8,0.375,1,0,0,1,0,5.0,10001.0,Monday
521,0,SMS,18.0,3.17,Credit Card,14,1.75,0,1,0,0,1,1.2,35.81,Monday
522,0,SMS,28.0,1.5,Credit Card,11,14.0,1,1,0,1,1,1.67,501.0,Monday
523,1,SMS,22.0,2.42,Credit Card,4,0.125,1,0,6,0,0,0.8,919.0,Monday
524,1,Email,22.0,11.33,Credit Card,8,0.0,1,0,2,0,1,1.21,42.83,Monday
525,0,Email,22.0,1.67,Credit Card,8,3.5,0,0,0,0,1,3.6,43.01,Monday
526,1,Email,33.0,40.0,Deferred Repayment,8,2.0,1,1,1,1,0,1.54,64.1,Tuesday
527,0,SMS,45.0,9.0,Credit Card,8,10.0,0,1,0,1,1,2.63,88.94,Monday
528,0,SMS,24.0,50.25,Deferred Repayment,13,4.165,0,0,0,0,1,1.2,88.0,Thursday
529,0,SMS,18.0,11.67,Credit Card,11,0.835,0,0,0,1,1,0.8,35.16,Monday
530,0,Email,33.0,10.17,Deferred Repayment,13,1.0,0,1,0,1,1,2.8,64.75,Monday
531,0,SMS,23.0,32.0,Credit Card,11,5.125,0,0,0,0,0,1.6,44.48,Monday
532,0,Email,35.0,3.0,Credit Card,9,12.75,0,0,0,0,1,0.28,68.02,Monday
533,1,Email,30.0,16.0,Credit Card,8,3.0,1,1,0,0,1,2.4,101.0,Tuesday
534,0,Email,32.0,0.33,Credit Card,11,8.665,1,1,0,1,1,5.23,62.45,Monday
535,1,SMS,21.0,8.83,Credit Card,3,0.375,1,1,1,0,0,2.2,2504.0,Monday
536,0,Email,34.0,3.0,Credit Card,11,2.625,0,1,0,0,1,1.8,66.22,Wednesday
537,1,Email,22.0,9.0,Credit Card,9,0.125,0,0,1,1,1,1.28,43.32,Tuesday
538,1,SMS,35.0,28.0,Credit Card,1,1.5,1,0,4,0,1,0.08,6591.0,Tuesday
539,1,Email,32.0,5.0,Credit Card,11,0.5,1,1,4,0,0,3.11,301.0,Tuesday
540,0,SMS,23.0,42.0,Credit Card,9,2.0,0,0,0,0,0,1.44,44.48,Monday
541,0,Email,27.0,4.83,Credit Card,8,12.75,0,0,0,1,1,1.78,52.33,Wednesday
542,1,Email,44.0,39.0,Credit Card,1,0.71,1,1,0,1,1,0.08,86.33,Monday
543,0,Email,30.0,2.5,Deferred Repayment,8,1.0,0,1,0,0,1,1.7,180.0,Monday
544,0,Email,38.0,1.5,Credit Card,13,2.0,1,0,0,1,1,3.0,74.07,Tuesday
545,0,Email,17.0,1.08,Deferred Repayment,2,0.04,0,0,0,0,1,1.4,723.0,Monday
546,0,Email,49.0,43.0,Credit Card,8,0.0,0,0,0,0,1,2.0,96.47,Thursday
547,0,Email,23.0,0.17,Credit Card,8,7.0,0,1,0,0,1,0.08,44.97,Monday
548,0,SMS,35.0,13.0,Deferred Repayment,11,1.5,0,1,0,1,1,1.6,68.34,Tuesday
549,0,Email,44.0,2.0,Deferred Repayment,13,1.0,1,0,0,0,1,0.08,86.82,Monday
550,1,Email,60.0,8.0,Credit Card,2,0.0,1,1,1,1,1,0.6,116.74,Monday
551,1,Email,26.0,30.0,Credit Card,11,0.5,1,0,6,0,1,2.6,15109.0,Monday
552,0,SMS,42.0,6.33,Credit Card,1,1.0,0,1,0,0,1,2.4,238.0,Monday
553,0,Email,50.0,0.33,Credit Card,6,3.5,1,0,0,0,0,0.94,97.28,Thursday
554,0,SMS,34.0,0.33,Deferred Repayment,8,3.5,1,1,0,0,1,3.2,66.55,Thursday
555,0,Email,19.0,0.41,Deferred Repayment,9,3.17,0,0,0,1,1,3.6,1001.0,Monday
556,0,SMS,24.0,9.0,Deferred Repayment,8,1.75,0,1,0,0,1,1.2,48.07,Monday
557,1,Email,23.0,8.0,Credit Card,3,0.335,1,1,11,0,0,4.22,201.0,Tuesday
558,0,Email,69.0,2.5,Credit Card,4,7.5,0,0,0,0,1,0.7,135.71,Thursday
559,1,Email,48.0,19.0,Credit Card,3,1.75,1,0,1,0,0,0.08,15001.0,Wednesday
560,0,SMS,33.0,11.33,Deferred Repayment,11,3.085,0,0,0,1,1,0.08,65.24,Monday
561,1,Email,43.0,13.0,Credit Card,2,0.665,1,0,7,0,1,0.8,84.86,Tuesday
562,0,Email,23.0,1.33,Deferred Repayment,8,1.625,1,0,0,0,1,1.8,45.13,Monday
563,0,Email,35.0,14.0,Credit Card,8,1.585,0,0,0,0,1,3.48,68.18,Wednesday
564,1,Email,57.0,11.0,Credit Card,14,0.5,1,0,0,1,1,0.08,111.01,Wednesday
565,1,SMS,44.0,13.0,Credit Card,4,3.5,1,0,3,1,0,0.08,86.66,Monday
567,0,Email,34.0,5.75,Credit Card,11,8.5,1,1,5,1,1,1.63,67.2,Wednesday
568,0,SMS,45.0,3.58,Credit Card,14,0.875,0,1,0,1,1,2.4,88.29,Tuesday
569,0,Email,31.0,5.0,Deferred Repayment,11,3.75,0,0,0,1,1,0.8,60.0,Monday
570,0,Email,28.0,18.0,Credit Card,7,1.5,0,1,0,1,1,2.2,252.0,Tuesday
571,0,Email,19.0,3.0,Credit Card,14,0.085,0,0,0,0,1,1.0,38.1,Monday
572,1,SMS,41.0,1.16,Credit Card,4,0.0,1,0,2,1,1,0.08,301.0,Wednesday
573,0,SMS,24.0,4.67,Credit Card,8,2.625,0,0,0,1,1,1.6,46.11,Monday
574,1,Email,32.0,3.5,Credit Card,4,0.165,1,1,2,1,1,3.03,3291.0,Monday
575,1,SMS,18.0,19.92,Credit Card,3,0.21,1,0,11,0,1,0.08,3001.0,Tuesday
576,0,SMS,33.0,18.0,Deferred Repayment,9,3.085,0,0,0,1,1,2.0,142.0,Monday
577,0,SMS,52.0,2.0,Credit Card,8,4.5,0,1,0,0,1,0.08,103.0,Tuesday
578,0,SMS,25.0,5.0,Credit Card,14,2.29,1,0,0,0,1,2.0,49.87,Monday
579,0,Email,41.0,8.0,Credit Card,14,7.0,0,1,0,0,1,3.0,79.62,Wednesday
580,0,Email,24.0,4.0,Deferred Repayment,10,2.54,0,1,0,0,1,2.4,46.93,Tuesday
581,1,Email,56.0,0.33,Credit Card,3,0.085,1,0,1,1,0,0.24,2029.0,Tuesday
582,1,SMS,28.0,3.0,Deferred Repayment,8,0.125,1,0,12,0,1,0.7,55.92,Tuesday
583,1,Email,32.0,26.0,Credit Card,1,0.665,1,1,11,1,1,3.6,62.94,Monday
584,0,Email,21.0,5.0,Deferred Repayment,13,2.5,0,0,4,0,0,2.8,205.0,Tuesday
585,1,Email,34.0,56.0,Credit Card,2,20.0,1,1,5,1,0,0.08,222.0,Monday
586,0,Email,43.0,5.0,Credit Card,8,4.625,1,1,2,0,1,7.6,91.0,Tuesday
587,1,SMS,38.0,11.42,Credit Card,11,0.04,1,1,0,1,1,0.08,75.05,Monday
588,1,Email,37.0,9.0,Credit Card,3,0.0,1,0,3,1,1,4.0,5801.0,Monday
589,0,Email,30.0,0.58,Deferred Repayment,8,1.165,0,0,0,0,1,1.28,58.53,Tuesday
590,0,Email,37.0,9.25,Credit Card,9,1.96,0,1,0,1,1,0.08,502.0,Monday
591,1,Email,31.0,0.5,Credit Card,14,0.165,1,0,8,0,1,0.08,5001.0,Monday
592,0,Email,36.0,5.67,Credit Card,8,2.335,0,0,0,0,1,0.08,1001.0,Thursday
593,1,Email,20.0,1.5,Credit Card,8,0.085,1,0,0,1,1,2.0,3001.0,Monday
594,0,Email,47.0,10.0,Credit Card,14,0.0,0,0,0,0,0,4.65,151.0,Monday
595,0,Email,22.0,0.17,Deferred Repayment,9,1.5,0,1,0,1,1,1.84,43.16,Wednesday
596,1,Email,20.0,19.0,Deferred Repayment,1,0.165,1,1,1,0,1,0.4,40.22,Monday
597,1,Email,35.0,0.75,Credit Card,8,0.125,1,1,19,1,1,2.39,201.0,Monday
598,0,Email,24.0,31.0,Credit Card,8,1.0,0,0,0,0,1,2.54,1951.0,Monday
599,1,Email,37.0,8.0,Credit Card,3,0.0,1,0,4,1,1,0.93,73.24,Tuesday
600,0,SMS,21.0,3.17,Credit Card,1,1.75,0,1,0,0,1,2.0,1001.0,Monday
601,1,Email,37.0,7.5,Credit Card,4,0.29,1,0,0,1,1,1.02,640.0,Tuesday
602,1,Email,23.0,1.67,Credit Card,3,0.25,1,0,10,0,1,0.6,397.0,Monday
603,1,SMS,27.0,1.5,Credit Card,4,0.165,1,0,6,0,1,0.08,5001.0,Tuesday
604,1,SMS,47.0,4.08,Credit Card,6,1.585,1,0,11,1,0,4.4,91.57,Tuesday
606,0,Email,39.0,13.33,Deferred Repayment,8,5.0,0,1,0,1,1,2.0,76.85,Tuesday
607,1,Email,39.0,1.75,Credit Card,9,0.375,1,0,0,0,0,1.86,4701.0,Monday
608,0,SMS,28.0,2.5,Credit Card,8,1.0,0,0,0,1,1,1.8,51.0,Monday
609,1,Email,19.0,18.5,Credit Card,2,0.125,1,0,0,0,1,1.2,2207.0,Monday
610,1,Email,40.0,1.5,Credit Card,8,1.54,1,1,0,0,1,1.17,1211.0,Wednesday
611,0,Email,36.0,11.0,Deferred Repayment,11,15.0,0,0,0,0,1,2.4,71.46,Monday
612,1,Email,26.0,7.5,Credit Card,11,0.165,1,0,0,1,1,0.08,51.35,Wednesday
613,0,Email,39.0,1.33,Deferred Repayment,11,1.75,0,0,0,0,1,4.0,77.34,Monday
614,1,Email,42.0,18.0,Credit Card,3,1.25,1,1,8,0,1,2.2,949.0,Tuesday
615,1,Email,21.0,18.0,Credit Card,4,0.04,1,0,3,0,1,0.8,9801.0,Monday
616,0,SMS,20.0,3.08,Credit Card,11,3.085,0,0,0,0,0,0.08,39.4,Monday
617,0,SMS,28.0,24.66,Credit Card,9,7.0,0,0,0,1,1,2.8,54.11,Monday
618,0,Email,22.0,1.5,Deferred Repayment,13,1.5,0,0,0,0,1,1.6,42.34,Monday
619,1,Email,28.0,11.42,Credit Card,3,0.0,1,0,1,0,1,4.2,55.43,Monday
620,0,Email,27.0,1.08,Credit Card,11,0.335,0,0,0,1,1,6.4,4001.0,Wednesday
621,1,SMS,18.0,21.5,Credit Card,8,0.25,1,0,11,0,1,0.6,541.0,Monday
622,1,SMS,23.0,0.67,Credit Card,6,5.0,1,0,6,0,1,1.2,246.0,Monday
623,0,Email,24.0,3.5,Credit Card,2,1.5,0,1,0,1,1,1.36,46.26,Monday
624,1,Email,28.0,13.0,Credit Card,9,1.5,1,1,1,1,1,0.7,55.58,Monday
625,0,Email,26.0,5.5,Deferred Repayment,3,2.25,1,0,0,0,1,1.88,50.36,Monday
626,0,SMS,29.0,33.0,Credit Card,11,0.54,1,0,0,1,1,4.4,56.07,Monday
627,0,Email,23.0,18.0,Deferred Repayment,8,1.375,0,1,0,0,1,1.6,1059.0,Monday
628,0,SMS,24.0,0.67,Deferred Repayment,11,1.25,1,1,0,0,1,1.8,148.0,Thursday
629,0,Email,25.0,1.5,Credit Card,8,1.75,0,1,0,1,1,1.2,48.56,Monday
630,1,Email,32.0,24.0,Deferred Repayment,4,0.5,1,1,17,1,0,3.93,62.78,Tuesday
631,0,Email,48.0,1.5,Credit Card,8,1.5,0,0,1,0,1,1.0,94.33,Wednesday
632,1,SMS,28.0,24.66,Credit Card,9,0.54,1,0,3,0,1,2.8,55.76,Monday
633,0,Email,25.0,0.67,Credit Card,11,2.625,0,0,0,0,1,2.72,445.0,Monday
634,0,Email,19.0,1.67,Credit Card,11,10.0,0,0,0,0,1,0.8,36.45,Thursday
635,0,Email,22.0,12.08,Deferred Repayment,11,1.75,1,0,0,0,1,1.8,42.52,Monday
636,0,Email,25.0,4.0,Credit Card,11,1.75,0,0,0,0,1,1.1,48.23,Monday
637,0,Email,16.0,2.5,Credit Card,9,5.085,0,1,0,1,1,1.2,32.04,Tuesday
638,0,Email,27.0,0.16,Credit Card,13,1.29,0,1,10,1,1,0.8,52.48,Monday
639,1,Email,48.0,1.25,Credit Card,6,0.04,1,1,1,0,0,2.3,94.51,Monday
640,0,Email,24.0,30.0,Credit Card,10,13.875,0,1,0,0,1,1.6,26.0,Thursday
641,1,SMS,41.0,10.17,Deferred Repayment,4,1.04,1,0,0,1,1,4.55,1237.0,Tuesday
642,1,Email,35.0,5.0,Credit Card,8,0.0,1,0,5,1,1,5.15,501.0,Tuesday
643,0,Email,24.0,42.0,Credit Card,10,4.25,0,1,0,0,1,0.8,46.6,Monday
644,0,Email,19.0,0.75,Credit Card,11,11.0,1,1,0,0,1,0.08,39.0,Monday
645,0,Email,30.0,8.83,Credit Card,8,8.5,0,0,0,1,1,2.52,59.51,Tuesday
646,0,SMS,20.0,23.25,Credit Card,9,2.585,1,1,0,1,1,1.4,38.75,Monday
647,0,Email,26.0,2.67,Credit Card,7,1.335,0,1,0,0,1,1.0,51.35,Monday
648,0,Email,29.0,0.92,Deferred Repayment,9,2.085,1,0,0,1,1,0.08,226.0,Monday
649,1,Email,29.0,10.0,Credit Card,4,1.5,1,0,11,0,0,3.81,169.0,Tuesday
650,1,Email,26.0,1.5,Credit Card,5,0.54,1,1,1,1,0,2.8,51.01,Monday
651,0,Email,24.0,2.17,Deferred Repayment,1,3.04,0,0,0,1,1,2.8,81.0,Monday
652,0,Email,26.0,19.17,Credit Card,11,12.5,0,0,0,1,1,1.4,1111.0,Friday
653,1,Email,54.0,15.08,Credit Card,3,0.0,1,0,0,1,1,0.08,285.0,Tuesday
654,0,Email,32.0,0.5,Credit Card,8,10.0,1,1,0,1,1,9.28,61.94,Monday
655,0,SMS,25.0,0.42,Credit Card,3,5.5,0,1,0,1,1,1.8,1063.0,Monday
656,1,Email,33.0,14.0,Deferred Repayment,2,0.04,1,0,0,1,1,3.8,65.08,Monday
657,0,Email,40.0,42.0,Credit Card,8,0.5,0,0,0,0,1,0.08,317.0,Monday
659,1,Email,24.0,23.5,Credit Card,6,0.125,0,0,2,0,1,1.0,46.93,Monday
660,1,Email,27.0,56.0,Deferred Repayment,3,0.165,1,1,6,0,1,2.11,52.33,Monday
661,0,SMS,22.0,0.33,Credit Card,8,3.25,0,0,0,1,1,1.44,44.14,Monday
662,1,Email,40.0,2.5,Deferred Repayment,11,0.125,1,1,6,0,1,2.0,1001.0,Monday
663,1,SMS,26.0,4.0,Credit Card,7,0.21,1,1,14,0,1,1.6,151.0,Monday
665,0,Email,32.0,2.17,Deferred Repayment,14,1.0,0,0,0,1,1,4.11,61.94,Monday
666,0,Email,27.0,10.17,Deferred Repayment,9,2.085,0,1,0,0,1,2.0,1211.0,Wednesday
667,0,SMS,25.0,6.0,Credit Card,11,1.0,1,1,0,0,1,0.8,48.89,Thursday
668,0,SMS,32.0,4.5,Credit Card,13,6.5,0,1,0,1,1,3.72,123.0,Monday
669,0,Email,18.0,50.17,Credit Card,11,1.165,0,1,2,0,1,0.8,34.67,Monday
670,1,SMS,38.0,4.08,Credit Card,7,0.5,1,1,2,1,0,2.28,74.07,Monday
671,1,Email,23.0,8.83,Deferred Repayment,12,0.0,1,1,2,0,1,0.08,44.48,Tuesday
672,0,SMS,18.0,0.41,Credit Card,10,0.085,0,0,0,0,1,0.08,51.0,Thursday
673,1,Email,24.0,31.0,Credit Card,3,0.25,1,1,20,1,1,1.2,47.91,Tuesday
674,1,SMS,26.0,50.17,Credit Card,1,0.0,1,0,12,1,0,4.91,50.52,Tuesday
675,0,Email,26.0,18.34,Deferred Repayment,11,1.875,0,1,0,1,1,0.08,51.35,Tuesday
676,0,SMS,23.0,3.08,Credit Card,9,4.29,0,0,1,0,1,2.2,1001.0,Monday
677,0,Email,23.0,3.33,Credit Card,8,10.0,1,1,0,1,0,3.2,45.13,Monday
678,0,Email,26.0,16.25,Deferred Repayment,2,5.335,0,0,0,1,1,1.6,50.36,Monday
679,1,Email,49.0,8.92,Deferred Repayment,4,4.165,1,1,6,0,1,3.8,2733.0,Monday
681,0,Email,35.0,33.0,Deferred Repayment,8,0.0,1,1,0,0,1,0.8,69.16,Monday
682,1,SMS,23.0,9.58,Credit Card,13,0.335,1,0,8,0,1,0.8,1350.0,Monday
683,0,SMS,48.0,5.67,Credit Card,9,1.415,0,1,0,0,1,0.08,121.0,Friday
684,1,Email,43.0,1.42,Deferred Repayment,7,0.585,1,0,1,0,0,1.0,376.0,Tuesday
685,1,Email,32.0,35.5,Credit Card,1,0.25,1,1,19,0,1,0.08,61.94,Monday
686,0,Email,21.0,22.92,Credit Card,8,2.625,0,1,0,0,1,0.08,45.0,Monday
687,1,SMS,19.0,21.33,Credit Card,2,0.165,1,0,2,0,0,1.0,36.94,Monday
688,1,SMS,27.0,10.0,Credit Card,4,0.085,1,1,3,0,1,1.2,53.8,Tuesday
689,1,Email,41.0,3.17,Credit Card,8,0.0,0,0,3,0,1,5.6,80.44,Monday